scenario,fold,arousal,valence
across-time,0,0.2733352116634753,2.0010973972861534
across-time,0,0.41888308101457217,0.04101799989973263
across-time,0,0.8596491506744662,0.19225812662299732
across-time,0,4.405990775574587,3.059778501046635
across-time,0,0.5257333074803238,0.8325318302435339
across-time,0,2.8166054362276105,2.319326195416255
across-time,0,0.791554379291553,0.10987541253645576
across-time,0,1.0089906818292582,1.7237119181828437
across-time,0,2.898634641436106,1.5828183546890067
across-time,0,0.17763505244856903,0.5807011675435679
across-time,0,0.6206851056386018,0.26379721105776527
across-time,0,3.6838163679621894,3.1905112225362076
across-time,0,2.0892082310738282,0.7476184168908152
across-time,0,1.8224509126919324,0.30952347483139336
across-time,0,0.27305751481652696,0.09740865045340628
across-time,0,0.5569687486636151,0.5476293314234648
across-time,0,1.8152598783436193,0.6219662615619534
across-time,0,0.21298550839705005,0.6930072646156493
across-time,0,1.0592466333973105,0.14077872391680177
across-time,0,0.4191091337115659,1.3088787182699986
across-time,0,0.3328186100925266,0.5892965545748293
across-time,0,0.9761979606888805,0.6525133762106492
across-time,0,0.09843197555626068,0.4676439178792784
across-time,0,0.695015321392171,0.17857518223703436
across-time,0,2.125519557310711,3.723300919249323
across-time,0,0.21621826455686197,0.12247969949812147
across-time,0,0.05820692012539864,0.14606171513251057
across-time,0,1.765502944802658,1.520997590329634
across-time,0,1.39373946926938,0.3221237336653744
across-time,0,0.7779230366271321,2.052691945783242
across-time,0,0.8766521008988444,1.3153324930611952
across-time,0,0.5937911962785829,0.011661229386477751
across-time,0,1.1860030362410003,2.290402507011312
across-time,0,0.18068992842569045,0.4391071185521223
across-time,0,0.5367383783899539,1.0914320685719185
across-time,0,1.5260222688703136,1.9947072017485834
across-time,0,0.40038124596148267,1.6082745023165683
across-time,0,0.8512967221897579,0.8130338498872997
across-time,0,0.7949721412407442,0.07036538757624065
across-time,0,0.7329131953841018,0.04344580685014903
across-time,0,0.44750683075907904,1.1400010622133878
across-time,0,0.19454200976552677,0.13702183378225594
across-time,0,1.269190127803586,0.08432068705984039
across-time,0,2.2863937947717354,2.2845755789003737
across-time,0,1.0343280611365218,0.863499295822975
across-time,0,1.2499761119225483,0.8919815559841195
across-time,0,0.8977071110459786,0.6934652962698885
across-time,0,1.8522197053068725,0.13021850447087086
across-time,0,1.7419876168868567,1.067013751426212
across-time,0,0.7643654366822515,0.8873073214996973
across-time,0,0.9359338577206708,0.35955269672276596
across-time,0,3.4601297600103744,3.4560351728257364
across-time,0,0.8995769069773148,4.081743097582886
across-time,0,0.65446080529415,0.48701718141311157
across-time,0,0.4902608707639697,0.02850268236985422
across-time,0,1.4731462694061892,0.4283427214996132
across-time,0,0.1687867051198596,0.05600655954536413
across-time,0,0.035087144673573906,0.00044953708161864757
across-time,0,0.12942410652026706,1.2031709001409372
across-time,0,0.9771225717832945,1.6708207183625972
across-time,0,0.30807259384337354,0.22439202793789853
across-time,0,0.9382973887504606,0.2280633046887882
across-time,0,0.2670442474898671,0.6552244017215751
across-time,0,0.14024813342988782,0.15621514240863404
across-time,0,0.39867208327390935,0.962726263750756
across-time,0,0.43822571860641013,1.3136329753112792
across-time,0,0.8533752511072416,1.9930195303427354
across-time,0,1.440467676787048,0.33459074114723514
across-time,0,0.46419381913052443,1.8066448603091372
across-time,0,0.9889089786222108,0.71367448672049
across-time,0,0.19815992477978375,0.4982060187862537
across-time,0,0.25532385454767137,0.11681271009224434
across-time,0,1.0407400919387837,3.3941860831288326
across-time,0,0.056097056144650013,0.0113574960817845
across-time,0,0.14048053274742892,0.020475127152613872
across-time,0,3.873783566803837,3.133334993794734
across-time,0,0.2934765655613857,1.1764307015409046
across-time,0,0.36999471209644325,0.45406107870774776
across-time,0,0.020541559700094636,0.13739562833062294
across-time,0,0.0,0.0
across-time,0,0.030240576179507622,0.8434298859389745
across-time,0,0.0,0.0
across-time,0,0.08811442833766245,0.5183799286175368
across-time,0,3.864391677473778,4.334683962113511
across-time,0,1.3186680433331657,2.2093467177840838
across-time,0,0.3351995763051376,0.1407476587290376
across-time,0,0.14857051525564482,0.22746509121284064
across-time,0,0.05368601482906491,0.4781624509002304
across-time,0,1.734956952763188,2.233285283988648
across-time,0,0.15042117133651314,0.8425145925202174
across-time,0,1.7428159077769088,1.4620896881801526
across-time,0,2.537001333216114,3.1989607396525575
across-time,0,0.31813629542859495,0.6770069038214801
across-time,0,2.1135697271199585,0.26768743244861504
across-time,0,0.28227997142718825,1.0464872062611248
across-time,0,0.23328197876312745,0.41660993220977316
across-time,0,1.6863082835365566,2.5471292357413247
across-time,0,0.45669514444051207,0.18233302395740372
across-time,0,1.101604397883576,0.05244228357210203
across-time,0,1.9511490263636417,1.711073967090921
across-time,0,0.5800877437481986,0.8840349022412406
across-time,0,0.3617981585068789,0.6401702059412102
across-time,0,0.4822406917474185,0.15620538989268196
across-time,0,0.8097833686225316,0.16186016924555935
across-time,0,0.20150054523810854,1.4186888083140232
across-time,0,0.9500878238576635,0.8338177790867456
across-time,0,1.0905895213287977,0.06679639933487402
across-time,0,0.9509500293836382,1.7422402497698528
across-time,0,0.28123780799122144,2.2822122580529434
across-time,0,0.5164945965200332,0.5596199677446879
across-time,0,0.0901526990800289,0.33532048891003063
across-time,0,0.3220798753135637,1.2676420707565028
across-time,0,0.2506520340592635,2.779005390115269
across-time,0,0.27525577404470214,1.9172527396589267
across-time,0,1.38078662392373,1.900797609152592
across-time,0,1.884199053905182,1.4714889994931797
across-time,0,0.07246321206286487,0.8771356885304875
across-time,0,0.9098591585979717,0.05643734124876619
across-time,0,0.04681838370284719,0.0023856427339462786
across-time,0,0.526500187224637,0.8714329152471377
across-time,0,0.4218716882870898,0.8871671292811085
across-time,0,0.35358434976450853,0.5383529531053338
across-time,0,0.9006076519105031,1.3785705222208777
across-time,0,3.2661893222366323,2.4531815727483144
across-time,0,0.6536988467592576,0.9008071491556757
across-time,0,2.451212154990686,2.6339813373440273
across-time,0,0.9521947349197457,1.4092874005234632
across-time,0,1.2460757897802415,0.45430273174665525
across-time,0,0.42148304808017034,0.5429420711007122
across-time,0,0.7386034075400996,0.4934001676657103
across-time,0,1.3917930179377367,0.5864038519004435
across-time,0,2.299326007321696,4.1685367476706405
across-time,0,0.38777289201745685,0.46752735311738786
across-time,0,1.828460879927717,0.7787613718839729
across-time,0,0.1938832743457929,1.9113593905790147
across-time,0,0.23535341427260636,0.761363951894807
across-time,0,0.8845020118253816,0.06581951230028292
across-time,0,2.3321770266635746,0.10238207638850538
across-time,0,0.38927068435122697,0.6360002914716281
across-time,0,1.1696938632085592,0.1107303747788008
across-time,0,0.5794511799063091,0.228980138997494
across-time,0,0.48196323324266016,0.14457856441420514
across-time,0,0.14450191576780472,0.0
across-time,0,1.9062412988188506,0.4538764463163957
across-time,0,1.3680184498865802,1.3731610556449967
across-time,0,0.7671482918154694,0.05914934246937779
across-time,0,0.5676219001497926,1.2343199052322351
across-time,0,1.7140615409517455,2.6847695914236263
across-time,0,0.5660017249776407,1.3547114098333572
across-time,0,0.27419739288466227,0.5833137415726913
across-time,0,0.6019278886115401,0.43830988181212227
across-time,0,0.2729371586211905,0.6584986039234987
across-time,0,0.7372284638771506,1.6980407562814868
across-time,0,0.09564193102176981,0.11085518998344271
across-time,0,0.17944193379901377,0.05007239951463277
across-time,0,0.9998519342936363,2.6535182192910476
across-time,0,1.1563525371004086,0.2434452287552721
across-time,0,0.40401989241023334,0.5602680395603267
across-time,0,0.6190704026572218,0.5719709108013062
across-time,0,0.12843815527302527,0.20983281064991124
across-time,0,0.7866080325702444,1.3277303194419345
across-time,0,0.5607682988953284,0.08442411928401568
across-time,0,0.6020709019804167,1.156153706354889
across-time,0,3.0744914876781513,0.6139369880745181
across-time,0,0.31398042351752103,1.3944049891261172
across-time,0,0.7658743579863865,0.28864264232035514
across-time,0,0.08270855732602245,0.3410499195142282
across-time,0,0.010232716176734354,0.29127404686487884
across-time,0,1.3848500544875917,1.7197256473088316
across-time,0,1.0635462927730759,0.4350698409938318
across-time,0,0.6879760870718697,0.342102716089806
across-time,0,2.197196715916435,1.695330946986935
across-time,0,0.8333076827162005,0.6094022040847918
across-time,0,0.6104017907695773,0.483805004508065
across-time,0,1.2713063685846056,0.26226094901447006
across-time,0,0.13814857500760355,0.11134343217102832
across-time,0,0.29029873569206543,0.9056452335255358
across-time,0,0.07426221089742463,0.15038156366517846
across-time,0,0.038043008326105576,0.30709300077299334
across-time,0,0.9553576492271215,2.136997732681107
across-time,0,0.09380224996750185,0.6419938322689863
across-time,0,0.6936890934234199,0.3793273765115414
across-time,0,0.11784826468773416,0.46842490333808817
across-time,0,0.025192074130600463,0.0
across-time,0,0.07047334466148372,1.1294103134964315
across-time,0,0.8738391938127056,0.13334995365876257
across-time,0,1.0011404806510091,0.33750060847700736
across-time,0,3.1551890919921632,0.5171851177304486
across-time,0,0.8735895574379607,1.2524257736801636
across-time,0,0.8795088976947165,0.11731895468077357
across-time,0,0.7962089967872361,0.020041437784260728
across-time,0,0.41282442693884336,0.05141489548907151
across-time,0,0.14773319527415513,1.041070367563514
across-time,0,0.49100147436015856,0.3746498886040882
across-time,0,1.7974845240451915,0.22210660657981973
across-time,0,1.877594259475986,1.3222916003518883
across-time,0,0.45259592323866105,0.7183350505434275
across-time,0,0.3071516058404376,0.9116461315331097
across-time,0,0.0481891375034649,0.5925401540976594
across-time,0,1.0108172378318498,0.92014101491875
across-time,0,2.5977910800037565,2.982871484993391
across-time,0,2.0363973238061384,0.7872553224425203
across-time,0,0.42378927132729605,1.336455189515502
across-time,0,2.3087410985031704,0.5031526951825231
across-time,0,0.5477593304327742,0.9235231485587568
across-time,0,0.909228307250566,0.13526857374959797
across-time,0,0.3184195820898646,1.9273352586433095
across-time,0,0.9867417521302199,0.6949173439297562
across-time,0,0.8511834811770183,0.47277609662447484
across-time,0,0.193911316898921,0.16162924370783543
across-time,0,0.7079901893757387,0.884261099569727
across-time,0,0.38841068023027564,0.47028952209724617
across-time,0,0.09130564979358677,0.801580320189337
across-time,0,0.587658027363954,0.3846151484486675
across-time,0,0.8922532873431672,0.21752077193711863
across-time,0,0.6200952776834325,1.2064566632990266
across-time,0,1.469874300312774,1.8931203850834823
across-time,0,0.5245365849116925,1.0104834341531888
across-time,0,0.25889585240566254,0.6865602082081202
across-time,0,2.6791529076940477,2.9852479811164647
across-time,0,1.618368050878654,1.1721232771563408
across-time,0,2.534889857036139,2.4222481698650418
across-time,0,0.24920239766341856,0.35388840400237237
across-time,0,0.5501460411287441,0.7405913552210399
across-time,0,1.7850849658104098,0.7071223848126692
across-time,0,0.9870059488912903,0.15898909724205426
across-time,0,0.8576299990693022,0.19790096074422714
across-time,0,1.4070894818931516,3.2009119320987307
across-time,0,0.37064739414956355,0.9054597302336858
across-time,0,1.7523451653388733,0.3684565165029887
across-time,0,0.1545817630603581,0.5294571051142773
across-time,0,1.1011829218288263,0.8896969719944382
across-time,0,0.8183808959810162,0.4652543364773365
across-time,0,0.21980152017969665,0.22242243139020715
across-time,0,0.6573100459947918,1.6703316112234061
across-time,0,2.846483636396851,3.1469823189781287
across-time,0,1.4334358987877172,1.8237183962704366
across-time,0,0.7292955675191162,0.1787189826392304
across-time,0,1.124507964792815,3.4201181557352864
across-time,0,1.5294374598281013,1.3773851193157225
across-subject,0,1.459611146056212,2.2673466630376846
across-subject,0,3.6569364492240557,0.5161495815567027
across-subject,0,1.7893672990393044,0.85208369505017
across-subject,0,0.27224866092985384,3.35180594585784
across-subject,0,1.7150812987959951,1.8216941801854358
across-subject,0,1.8018368860032712,2.8060003347213613
across-subject,0,0.5962565921276471,2.6519190991037935
across-subject,0,1.4340309275191734,1.333743161137824
across-subject,0,0.36434692414147746,0.7124856302837511
across-subject,0,1.1589841448134348,0.5447997158556237
across-subject,0,0.7988195447857097,1.467799383348412
across-subject,0,0.32848868282420346,0.9689195812685354
across-subject,0,1.2600825363054726,0.5296890855179741
across-subject,0,0.8353015103021634,0.4634064226943198
across-subject,0,0.5241896872562698,2.4477541544777
across-subject,0,0.2185026441946741,0.6517038270329746
across-subject,0,1.5754045767579008,1.0361413464368014
across-subject,0,0.42905468278463876,1.422327765144128
across-subject,0,0.531485398435677,1.1586847379684955
across-subject,0,0.20387876935679625,1.3982460333258149
across-subject,0,0.3750849848486921,0.3629418765762679
across-subject,0,1.4237097123018092,0.9773662749662757
across-subject,0,1.1514364911887625,0.893752353401905
across-subject,0,0.7093226775632518,1.0219155675470384
across-subject,0,1.5806686290394298,2.490776833981902
across-subject,0,3.78227993718531,0.9857053434278524
across-subject,0,3.4192784848925566,0.05608882646771642
across-subject,0,0.3265457287564845,1.2169562020540414
across-subject,0,1.0952270604751788,0.9427362122113365
across-subject,0,2.6883458812886847,3.3564735972192032
across-subject,0,2.189191470369643,0.3955343266623516
across-subject,0,0.5680262419257862,2.4484580586565774
across-subject,0,1.795723973414195,0.20696995415547545
across-subject,0,0.6862707143574964,0.43232928221296046
across-subject,0,0.627839065955812,0.6000715032300048
across-subject,0,0.07466216924206835,0.7736980920057799
across-subject,0,0.9511667422073312,0.45162707190718715
across-subject,0,0.7540248519208914,0.539289129663914
across-subject,0,0.42312279461448304,0.9228574092358381
across-subject,0,0.4521112910193007,1.202236313469085
across-subject,0,2.292290200361555,0.40868973601159514
across-subject,0,0.398040457533388,1.29292857560528
across-subject,0,2.111999317273215,0.3611703759815258
across-subject,0,0.09145851810569403,0.7687520325789119
across-subject,0,1.945670773598016,0.5919441804208047
across-subject,0,0.34035890305987687,0.8628075782971338
across-subject,0,0.6598933005845884,1.1598734157409496
across-subject,0,0.7084235955924519,0.3728303803886128
across-subject,1,0.8267414170576942,1.1499850317633582
across-subject,1,0.8583581853437263,2.314536809058713
across-subject,1,1.031578551915817,1.6034066454900593
across-subject,1,0.1299844296440727,0.7348753576129071
across-subject,1,1.062517613904073,1.7998069346407077
across-subject,1,1.1946303656215567,0.472916529746391
across-subject,1,0.23060470685693318,1.7835534991503175
across-subject,1,0.14162062443079784,0.23061108091068774
across-subject,1,2.375368442754935,1.0911242131989625
across-subject,1,0.8866129461861293,1.0108707298269908
across-subject,1,2.725434925174586,0.2868731249841547
across-subject,1,1.2268350383888575,1.0412713622332077
across-subject,1,0.9505643507049434,0.3557211047761184
across-subject,1,3.086071259388639,2.7718481149354206
across-subject,1,0.703315908133634,1.3886301995237218
across-subject,1,0.22909282092610733,1.012855007594861
across-subject,1,1.5865576307665679,1.4230720226315563
across-subject,1,1.3913491175124202,0.23629264443130454
across-subject,1,0.23327523133553535,0.20109638623353307
across-subject,1,0.19298710415205833,0.36257753743324656
across-subject,1,1.613633343638257,1.5003722692820212
across-subject,1,2.587254778965682,1.6647754509807888
across-subject,1,1.055217891958081,0.40578897138874
across-subject,1,0.7532547292162273,0.15078144174410063
across-subject,1,1.746411300268653,2.5730296693774948
across-subject,1,0.8822960564624468,1.7968371682322597
across-subject,1,0.518004113716555,0.33684190686157894
across-subject,1,0.8939215302574507,1.2090551149807283
across-subject,1,0.8846446804396437,0.3543594359915244
across-subject,1,1.0354349094921196,1.788574075272914
across-subject,1,0.8411699755797858,3.389058180258357
across-subject,1,0.538719394823088,0.24250433234525126
across-subject,1,0.406356812534542,1.0625368231331103
across-subject,1,0.6557555965658924,1.1882655189883629
across-subject,1,2.9769926552175865,1.9755440476056285
across-subject,1,0.8752520318210925,0.51967735897056
across-subject,1,0.4979123758230127,0.17650298110027143
across-subject,1,0.8107857111316497,0.21089449010759767
across-subject,1,0.4493331333142784,0.7034684319226979
across-subject,1,0.8691652880720132,0.6885512889278985
across-subject,1,0.7481205613117791,2.911949177997208
across-subject,1,1.3727088404252463,0.8517889859509173
across-subject,1,0.5100530332788077,0.24822495182887264
across-subject,1,1.0912046590340927,0.8835090606262436
across-subject,1,0.5058224084313303,0.4547647393068218
across-subject,1,2.368060683441348,0.9819726194980402
across-subject,1,0.30334436509693075,2.962956313565068
across-subject,1,0.41628179211536964,3.7629509891470314
across-subject,2,1.9403900045132698,1.421391887805033
across-subject,2,1.6878598121269175,1.9199770135581005
across-subject,2,1.988078861755348,0.2845500896935295
across-subject,2,1.6055088937771855,3.432115941335233
across-subject,2,1.0613899677044605,2.290676603952831
across-subject,2,2.692296662949184,3.567870840019876
across-subject,2,1.9299082535206606,1.2042279476448485
across-subject,2,0.8406142902389204,1.2887570999606996
across-subject,2,2.553442190509716,3.0583027304596064
across-subject,2,0.6001627811897573,1.1264687173500643
across-subject,2,2.6604500509119586,2.3596865851268842
across-subject,2,1.5871797725579968,0.5801664044289907
across-subject,2,1.8752678659766908,1.0680426735925508
across-subject,2,1.8909305656211228,2.8231650922232743
across-subject,2,0.4946149038026447,1.2949773036656047
across-subject,2,0.8281730009311711,0.8186948573245998
across-subject,2,1.0410527392224709,1.9165172882227959
across-subject,2,1.299931317543045,1.047575504821182
across-subject,2,2.0422640979021627,0.6868671275736628
across-subject,2,0.09011181828926888,0.46858367693362163
across-subject,2,1.2269776177118885,0.7074126361294005
across-subject,2,1.273512670480052,2.1212179904598827
across-subject,2,0.3275427225930565,2.0483647313873945
across-subject,2,1.5751248855008473,0.316546292761228
across-subject,2,0.6882651117814894,0.49399865473258686
across-subject,2,1.6085939802560265,2.467637973485294
across-subject,2,1.0945102381408935,1.2189788340371972
across-subject,2,1.0486666383112087,1.4332215644828734
across-subject,2,0.7531035500830306,0.8665405085366993
across-subject,2,1.2638629464380158,1.2072532309449324
across-subject,2,0.26244983683134393,1.5303969043192078
across-subject,2,1.281220001597402,0.47380070867537155
across-subject,2,1.1593823109818486,0.4955213595543428
across-subject,2,0.33313152881518676,1.098992471750033
across-subject,2,1.1049178398380308,0.14374706950337976
across-subject,2,1.7985564842625439,0.7122936728558957
across-subject,2,1.4053885552598997,0.507655336507258
across-subject,2,1.1534556595251833,1.160788409046222
across-subject,2,0.9694769561891333,0.7782527647098655
across-subject,2,0.6809064004313256,0.3252510427881479
across-subject,2,1.4352583219358412,1.5021992861587563
across-subject,2,0.631289907198669,1.4586935361914977
across-subject,2,0.491059343351022,0.35390442072776374
across-subject,2,0.08830207346040277,0.554641724923562
across-subject,2,1.4897677286286635,0.13593423642583188
across-subject,2,0.42896083693343723,0.4386129622440113
across-subject,2,0.13172971762001207,0.730385030750873
across-subject,2,0.12374559262106241,0.3685172719634418
across-subject,3,1.1553980653711264,1.380873545997035
across-subject,3,1.7243441441901497,0.6216639147754659
across-subject,3,0.9671660462075472,1.3211790705366941
across-subject,3,1.2288622635214415,0.8995994566785278
across-subject,3,2.55489860720026,1.5085977142101255
across-subject,3,1.5624915919217583,0.5902389001049971
across-subject,3,0.5450495756577189,1.3009229064219114
across-subject,3,0.7259847325160852,1.2517925693686196
across-subject,3,1.0302742669749796,1.9281077986406219
across-subject,3,1.7488151689375382,2.16899749857922
across-subject,3,0.3233333785840859,0.5426975849716901
across-subject,3,0.09431429192043465,1.2568025327835797
across-subject,3,0.19820880968143448,1.0536884132062263
across-subject,3,2.6044863796810818,2.3903161842066267
across-subject,3,0.3494813786176252,1.0176360798787554
across-subject,3,0.5357365657203047,0.10406141212914151
across-subject,3,1.2082265947510284,1.2545805245923345
across-subject,3,0.46555719589900174,1.0679515909413593
across-subject,3,2.2109231438249064,0.2753848963882569
across-subject,3,0.2840562787025451,0.311786676742068
across-subject,3,0.8903442143566104,1.3664937000113606
across-subject,3,0.7936552242969948,2.284270842509586
across-subject,3,0.1273701984776297,1.098778915850427
across-subject,3,0.5518581186135544,0.3996922509042208
across-subject,3,1.377866546585353,1.4812805066411114
across-subject,3,1.6480607626405421,1.9016591816573785
across-subject,3,0.40285595774889377,1.3834494011647038
across-subject,3,0.2611893659254926,1.0653404243922742
across-subject,3,0.12430797737305287,0.409240544959434
across-subject,3,1.9267144052615295,1.483229783829523
across-subject,3,0.3999840161701586,0.8086349616876635
across-subject,3,0.16131852914923409,0.8335979701254285
across-subject,3,0.9556717046418821,2.6781278507250357
across-subject,3,0.9159337214777132,4.199581627278302
across-subject,3,0.9457713140267575,0.32152934065673355
across-subject,3,0.30034603977432783,0.9010605818727728
across-subject,3,1.5155180507560129,0.3411485799316075
across-subject,3,1.4836923434761844,2.8080535752191995
across-subject,3,0.5944644964851356,4.073323753526557
across-subject,3,0.4653104608648452,0.2684604045605976
across-subject,3,1.10124644641748,0.8081790215757513
across-subject,3,0.8756295089189136,1.6658338914771649
across-subject,3,1.7376964688697967,0.23845652678134655
across-subject,3,0.46318274921338426,1.341576588042817
across-subject,3,0.5975732522622721,0.7275129274739969
across-subject,3,1.1795714231397023,1.4052645966922905
across-subject,3,0.3631969459179459,0.7978561451790768
across-subject,3,0.2907173993736923,1.0073420941131397
across-subject,4,0.5809356610158903,1.018516818998572
across-subject,4,1.245715661154339,4.7988498046864025
across-subject,4,1.5142471522028564,1.7562652394043519
across-subject,4,0.09090581311065407,2.086309681311571
across-subject,4,1.0236865689691546,0.25515322044867156
across-subject,4,1.504672140636997,0.3128625384298582
across-subject,4,0.6927096629428686,2.5054629229774563
across-subject,4,0.36781345354825845,1.2672981062489932
across-subject,4,0.4617656518343834,0.9406742612784014
across-subject,4,0.9902966704527957,1.5689748352539783
across-subject,4,0.6424383440877864,1.3289459078353107
across-subject,4,0.32723004822119983,0.6578241089389569
across-subject,4,0.7230829899207921,0.5535510848511563
across-subject,4,0.40755242149158133,0.9584501526578928
across-subject,4,0.4073192788717611,0.13053598010580492
across-subject,4,0.11802245010162682,1.1288841668273208
across-subject,4,1.8596206655199303,2.192062237849645
across-subject,4,0.905013574244839,0.6145814137141739
across-subject,4,0.5168926431271,0.3563559222392295
across-subject,4,0.3287311512553997,1.1287886927040787
across-subject,4,1.4924446178990483,0.9878370707020047
across-subject,4,0.5880868000529975,1.2542721294097967
across-subject,4,0.49514839819726525,0.7704140530603332
across-subject,4,0.6986610407929974,1.3194448290830296
across-subject,4,1.9204011133977346,2.0682087425028004
across-subject,4,0.08701975025028405,0.8867595340326089
across-subject,4,1.5070107605618683,0.2874733295421392
across-subject,4,0.08744101745635736,0.9305355175158656
across-subject,4,1.0621835339145318,0.044700257778223625
across-subject,4,1.4009859739072508,1.3035147264826241
across-subject,4,0.21236338364356447,0.6961357919248575
across-subject,4,0.11347686986382742,0.6819405695637526
across-subject,4,0.6450715833212282,1.392050658476184
across-subject,4,0.47300072483395156,1.2822787732668008
across-subject,4,0.506638922749467,0.5372350616394066
across-subject,4,0.8231757868628139,0.7202256823425333
across-subject,4,0.7317162248887573,1.9803109710962268
across-subject,4,0.46681693318665984,1.8396968149034583
across-subject,4,0.5129584129860895,2.8621222527624135
across-subject,4,0.5681004057330423,1.0423087664212212
across-subject,4,0.9648426536554395,2.510800582750784
across-subject,4,0.7170502987247874,0.5021389165072059
across-subject,4,0.45400891702483953,0.25583379561420694
across-subject,4,0.07670224596558489,0.8046642654398746
across-subject,4,0.8702774466307359,0.07422200139514717
across-subject,4,1.756234528869151,0.19997457514493086
across-subject,4,0.8421277100644569,0.7180895689518564
across-subject,4,0.6853185154889575,0.8422468912201584
across-elicitor,0,2.1695303847710345,2.8056903316010664
across-elicitor,0,2.501110428543075,4.5210082102738465
across-elicitor,0,1.6865630420422104,1.26562864322749
across-elicitor,0,3.9973849442681675,2.005729090758041
across-elicitor,0,1.4065028721519928,0.4299164642104495
across-elicitor,0,2.9010506689920565,4.133280661228878
across-elicitor,0,0.0912875532121067,0.5440489854208594
across-elicitor,0,0.41364615911815744,1.0223429772571635
across-elicitor,0,2.464259296281867,1.8701226116459015
across-elicitor,0,0.9714409852681395,4.816809989058944
across-elicitor,0,3.3739459727947185,2.9893587022881145
across-elicitor,0,4.400455949943984,3.788754836269926
across-elicitor,0,0.9297436528231096,0.3807782329401049
across-elicitor,0,3.6993613230707516,0.7074685619533337
across-elicitor,0,2.3441432333725696,2.1578545938066855
across-elicitor,0,2.039507195068437,2.44536634430506
across-elicitor,0,1.6858095344279982,0.8256570384499715
across-elicitor,0,2.7559777275544732,0.15701323121390628
across-elicitor,0,2.6582490284615785,0.4120675233096904
across-elicitor,0,1.798806917170122,0.42281105823309284
across-elicitor,0,1.3788975173944953,1.8869438674040764
across-elicitor,0,1.4793899373194297,2.7572362923145315
across-elicitor,0,1.6067453868314603,0.45451443891991433
across-elicitor,0,1.4530600291488573,1.881512754435799
across-elicitor,0,2.4363965042346867,4.618226600572188
across-elicitor,0,3.7689195761242655,4.397218692555258
across-elicitor,0,1.24994423535041,1.1900907375202054
across-elicitor,0,2.5521381112437544,2.008202921428454
across-elicitor,0,1.9756768624290137,1.7048885066806412
across-elicitor,0,1.7791445986222225,2.6835157994622323
across-elicitor,0,2.8782782712104096,3.2890805815828412
across-elicitor,0,3.315192883835452,4.958857988299969
across-elicitor,0,3.118664983841636,4.304999586050772
across-elicitor,0,3.1448162994901265,4.549083283682116
across-elicitor,0,3.038974397800527,2.6463881720915636
across-elicitor,0,3.252265957467328,4.02307437896134
across-elicitor,0,2.159637829917304,1.9523295691372138
across-elicitor,0,2.795196049786652,3.053943738469038
across-elicitor,0,1.5996054262418948,0.8449786523524886
across-elicitor,0,2.7138746752166916,1.3112625959825732
across-elicitor,0,0.8419147968763675,0.7136727988077834
across-elicitor,0,1.194207029892692,0.5035909239839418
across-elicitor,0,1.5027914093304362,2.623529428009979
across-elicitor,0,3.5127463452755903,2.7936523739309003
across-elicitor,0,1.4139077612328266,1.9656621706387345
across-elicitor,0,3.9560755393866924,3.9088112760253027
across-elicitor,0,1.71359734707542,0.4754372028185076
across-elicitor,0,3.3207551419925347,0.6457781007705307
across-elicitor,0,1.2255924346363898,3.114706483579513
across-elicitor,0,2.7320700341739483,5.00496534691993
across-elicitor,0,3.760678351776536,2.3736261408513943
across-elicitor,0,3.356291994352042,2.811314710138086
across-elicitor,0,0.9068409742041511,3.483958165045788
across-elicitor,0,2.496076611787352,4.674872595538228
across-elicitor,0,1.3934400468488706,2.3955607082432047
across-elicitor,0,2.9447237369665222,4.982487610704551
across-elicitor,0,0.767437429567782,0.2952710729631656
across-elicitor,0,2.7706362743883624,2.002898538410836
across-elicitor,0,3.1127012994517993,2.174471366444698
across-elicitor,0,2.2030877574281327,2.143275151764015
across-elicitor,1,1.4253974298212895,0.9267726375599183
across-elicitor,1,1.4194314657097657,0.979942441519157
across-elicitor,1,0.8919329140699022,1.0725605767296291
across-elicitor,1,1.1265758629319953,1.1280335192431783
across-elicitor,1,1.369693593085064,3.21534624951484
across-elicitor,1,1.2741761095228168,1.8672976651563273
across-elicitor,1,1.9463371323386673,0.2659382090980294
across-elicitor,1,1.0574517670253487,0.2955558372682113
across-elicitor,1,0.5546085378662725,2.6212653784719744
across-elicitor,1,0.5353757830671194,1.3222098816873153
across-elicitor,1,1.1175586412892224,2.492701857957965
across-elicitor,1,0.7305112348844528,0.6615439502790013
across-elicitor,1,0.3227950863180363,0.36626963924738365
across-elicitor,1,0.9005730240377904,0.641303286545738
across-elicitor,1,0.2718444433296425,0.8634731050723472
across-elicitor,1,0.4293508710973693,1.9405340060866285
across-elicitor,1,0.6210919764578783,0.6724963559354233
across-elicitor,1,0.5504767585256006,0.4219317232098876
across-elicitor,1,0.3050950404305741,0.37927788221056563
across-elicitor,1,0.5781763785436704,1.2855604057827452
across-elicitor,1,1.1437089369529938,0.3650585925860061
across-elicitor,1,2.013416131005251,0.815964125560379
across-elicitor,1,0.2948721745435307,1.081079780802675
across-elicitor,1,0.5768989900564454,0.5454762323183509
across-elicitor,1,1.4792920549915587,1.3070201149180407
across-elicitor,1,1.5373452361626103,3.2341661914372124
across-elicitor,1,0.3280519454790989,0.5960540497393516
across-elicitor,1,0.8319087266291876,0.5998842150853368
across-elicitor,1,0.37110250792970884,0.966486362716932
across-elicitor,1,0.2656312479634016,1.596673166826596
across-elicitor,1,0.864319414271461,3.51414312465064
across-elicitor,1,0.447958404111763,3.835301598147868
across-elicitor,1,1.8631986148796833,0.27889223738528085
across-elicitor,1,1.246193568971504,2.1169095290768567
across-elicitor,1,0.4615069232578743,1.6529397882180934
across-elicitor,1,1.775414645767446,0.16815710600281036
across-elicitor,1,0.8821863754360126,3.484575930581151
across-elicitor,1,2.056488336100564,2.2664301403260967
across-elicitor,1,0.375521997747476,2.738756093242971
across-elicitor,1,0.41866586106415643,1.6905657020799858
across-elicitor,1,0.5417639269992444,1.5387732872202395
across-elicitor,1,0.1936748525270013,0.582715732931103
across-elicitor,1,1.6308984313567862,1.1839960499148967
across-elicitor,1,0.717249198244914,0.675189807078786
across-elicitor,1,1.4482144388840623,2.532794694396747
across-elicitor,1,1.4788589818482245,0.7383276595344496
across-elicitor,1,0.8329010914250461,1.1696083411192078
across-elicitor,1,0.8994475778671327,0.35082328510705973
across-elicitor,1,0.23377853498015178,0.36724246056707993
across-elicitor,1,1.295419269459999,0.9580254913593556
across-elicitor,1,0.33861308393275746,0.4104606746956644
across-elicitor,1,1.4503670095631789,1.1993946639840047
across-elicitor,1,1.7090970970754895,1.260324747088376
across-elicitor,1,1.0564932825016315,1.0663279304792896
across-elicitor,1,0.6352815019594299,2.694833869917076
across-elicitor,1,1.0396390790100423,1.189181693522467
across-elicitor,1,0.756966350755276,0.42840116660842864
across-elicitor,1,0.5349581987492267,0.21091359615905003
across-elicitor,1,1.3616000250916118,0.7296722557755138
across-elicitor,1,0.2828557978641939,0.7951935052365893
across-elicitor,2,1.338970123022133,0.9324691074629976
across-elicitor,2,0.8112821138408267,0.5882332348081176
across-elicitor,2,0.34495531371270644,0.7949581534865732
across-elicitor,2,0.5199934997136574,0.5256172171989
across-elicitor,2,0.33800794024286307,1.6359860921010072
across-elicitor,2,0.7180750025487035,0.5429183608371629
across-elicitor,2,0.03255262547637941,0.17050943818912107
across-elicitor,2,0.11597299597402107,0.35025428648379103
across-elicitor,2,0.8385035565289742,1.2002020618881017
across-elicitor,2,0.3209367536942807,0.8876486772372134
across-elicitor,2,3.846526026829957,1.9627913486171884
across-elicitor,2,0.5160420618514834,0.9370801469465758
across-elicitor,2,2.52934071957072,0.7529278660630611
across-elicitor,2,2.515466365622582,0.23576952258322834
across-elicitor,2,2.099835682311759,0.7599519102991534
across-elicitor,2,1.1907880663637487,0.357180342910299
across-elicitor,2,3.1441833858311052,2.1094036683345054
across-elicitor,2,1.4537657146216811,0.3393852896948437
across-elicitor,2,1.144145365591615,0.2617168522896263
across-elicitor,2,0.13175884291914405,0.47206081651377224
across-elicitor,2,1.161801662306899,0.18519127777763678
across-elicitor,2,1.1029113648140112,0.17026639302658897
across-elicitor,2,1.043905935740876,2.094909777896935
across-elicitor,2,2.021588079532465,1.7913853754519393
across-elicitor,2,3.677104099351013,0.4902792765361107
across-elicitor,2,0.826156696386401,2.030265397092888
across-elicitor,2,0.8984890302335835,1.669560424009412
across-elicitor,2,1.2976395097444053,0.7974482800568657
across-elicitor,2,1.4645459518024768,1.7693877417726402
across-elicitor,2,2.620104853538833,0.32386115854518627
across-elicitor,2,2.061647688385707,1.3405587693638183
across-elicitor,2,2.4081427411284477,1.8145807804861505
across-elicitor,2,3.6991705366373404,0.25153139126921353
across-elicitor,2,1.3713263998908247,1.1613674509074028
across-elicitor,2,0.6274790202506167,1.369022670807837
across-elicitor,2,1.9471681277151376,1.1890024028045176
across-elicitor,2,3.0823989366184223,3.010641525404307
across-elicitor,2,0.14460571116859602,1.4402658935800743
across-elicitor,2,1.2328603740473165,1.6825291814356658
across-elicitor,2,0.717753937557916,1.1908962914502368
across-elicitor,2,1.3133060565224823,0.44531919418649946
across-elicitor,2,0.22712223522707425,1.1392730345157196
across-elicitor,2,2.4773848829541048,0.588535692974572
across-elicitor,2,1.0094171281480815,0.20888977255172209
across-elicitor,2,0.501022199574649,0.6335494633317076
across-elicitor,2,2.2805822411380787,0.15021490172059138
across-elicitor,2,1.2116442026912555,0.8445173025950227
across-elicitor,2,1.8220649130099924,0.7259241965023133
across-elicitor,2,3.2092661808151393,0.4534573670655886
across-elicitor,2,1.1127203180693692,0.5699080007959519
across-elicitor,2,0.5403610229607326,0.23123871389134937
across-elicitor,2,0.9892333715165864,1.9385943648661774
across-elicitor,2,0.21966180687753126,1.2097703394206984
across-elicitor,2,0.27572039529541215,0.5219088605211022
across-elicitor,2,0.9307126427092737,0.9277754318388551
across-elicitor,2,0.23964940866292722,0.27243709647327224
across-elicitor,2,0.5560070803584916,0.23766341398869173
across-elicitor,2,1.9298025179290175,0.47978862092439684
across-elicitor,2,2.0440415135182874,1.3276927511335013
across-elicitor,2,1.0140247392326232,0.5007526693740597
across-elicitor,3,1.8908350942881151,0.6816669721130031
across-elicitor,3,0.8143516767501652,0.771237809257384
across-elicitor,3,1.0233849460469602,1.7877852706264703
across-elicitor,3,1.1074928313803583,0.9391612063613294
across-elicitor,3,2.1206551976981727,0.7268573698045259
across-elicitor,3,0.14738143432111095,0.3898579424777693
across-elicitor,3,0.7582821997208564,0.610251580067532
across-elicitor,3,0.7538224518563135,0.5693007701637457
across-elicitor,3,1.6344265456331653,1.3816962292962796
across-elicitor,3,0.25251681446750174,2.6553115774759126
across-elicitor,3,2.2282459214927446,1.1537534428277032
across-elicitor,3,1.05491253845782,0.971439418599888
across-elicitor,3,0.5904877264701385,0.8189008903601782
across-elicitor,3,0.17260313905717647,0.6573894193151247
across-elicitor,3,1.1711957415011243,1.730444018614558
across-elicitor,3,0.9340355623521815,1.9501332109611946
across-elicitor,3,1.2330212947578394,0.34308400892716445
across-elicitor,3,0.5039931039768022,0.36912994374617397
across-elicitor,3,1.0300380987709938,0.303573839813207
across-elicitor,3,1.4673784324142125,0.4732310226147781
across-elicitor,3,1.6602423733691196,1.2940711277921786
across-elicitor,3,1.1383160234724472,0.4336534133553231
across-elicitor,3,1.2827849446667785,2.5538572206106984
across-elicitor,3,0.575344670532491,0.2216518684072678
across-elicitor,3,0.48496270861337115,0.7644261641855075
across-elicitor,3,0.28038297486912095,1.9366291946452534
across-elicitor,3,1.7600072709921375,0.5540321444825863
across-elicitor,3,0.3285872635922765,1.2641284261740648
across-elicitor,3,1.0129727324095126,0.17872059906017604
across-elicitor,3,0.6189687260466996,1.0063668421662562
across-elicitor,3,4.639322936216557,1.4588223537563525
across-elicitor,3,2.4039186121595506,1.8684693013338651
across-elicitor,3,4.737840825053099,0.23004554649939735
across-elicitor,3,1.006872429537288,2.0754135711434087
across-elicitor,3,2.536787315261354,1.181441865167726
across-elicitor,3,0.28268512497088977,0.21557018145579018
across-elicitor,3,2.1831631337691584,1.7675594736202411
across-elicitor,3,0.4096959887882055,1.0843514267570937
across-elicitor,3,2.4021969123686313,2.1905745043844673
across-elicitor,3,1.2269507312337151,0.08188217658484256
across-elicitor,3,1.133706428414478,1.7887150488086503
across-elicitor,3,0.14833736164369443,1.2207499469824508
across-elicitor,3,1.4598481438573954,1.7682562924493153
across-elicitor,3,0.43280300588744536,0.7676877872075967
across-elicitor,3,2.543628895985348,2.974413164271644
across-elicitor,3,0.13231869277778205,0.9059786875131582
across-elicitor,3,0.49651480996473485,0.6738361433319513
across-elicitor,3,0.42977006250246014,1.5998549350211488
across-elicitor,3,0.9894932898084058,2.4034206283338726
across-elicitor,3,0.8507234502236574,0.9472084773778858
across-elicitor,3,3.7431380396831937,1.3800821059382524
across-elicitor,3,0.8342360070873117,0.6084147161576828
across-elicitor,3,2.1001929653078264,1.628513397567048
across-elicitor,3,0.2745822657449522,0.3801375259077095
across-elicitor,3,0.8331939379533719,3.3825265995560274
across-elicitor,3,0.4051553675396378,0.21921657876541115
across-elicitor,3,0.4229884313396548,1.811887291093325
across-elicitor,3,0.4379117064719577,0.27127589258371404
across-elicitor,3,1.577319753153458,1.4152130413352777
across-elicitor,3,0.86184345696941,1.0820264983606303
across-version,0,1.8795935951905076,1.4371541022393104
across-version,0,0.2135340040264913,0.5290033865505607
across-version,0,1.2499377570589132,0.7369642278449258
across-version,0,1.6531812554591547,0.5203767906159164
across-version,0,0.7295430415402181,0.9293739170232668
across-version,0,0.21054106995954003,0.3338222276042682
across-version,0,0.32495841377297996,1.7478525833602152
across-version,0,0.1546340767238364,1.2071740426109108
across-version,0,2.4798588150832077,3.981842778349233
across-version,0,1.1860236462624565,3.6346309314960696
across-version,0,0.6180700935809418,0.6298315822776076
across-version,0,0.3437278876995102,2.1858883198670602
across-version,0,2.5176158748107427,1.726490647188988
across-version,0,0.29855920186784973,0.5644059098012019
across-version,0,0.3938508338769687,0.2659600211195528
across-version,0,1.0584123230676519,0.5625596191365624
across-version,0,1.645956503361913,0.5910601675812723
across-version,0,0.5896925639454805,0.6312713805739913
across-version,0,0.64038100324686,0.364825296718354
across-version,0,1.4436523546902902,0.31249491987328537
across-version,0,0.7688604463630164,2.3065626453836483
across-version,0,0.44559036043569866,1.1637986752283054
across-version,0,0.31931342807429564,0.5441259141555854
across-version,0,0.33059120947143406,0.74710304040675
across-version,0,0.9215537372091165,0.31472888394188586
across-version,0,0.18617699753117076,0.39494574482607486
across-version,0,0.6049738620055416,0.4829557692984517
across-version,0,2.123142813429527,0.16934144184582517
across-version,0,1.931451166837118,0.3497159243544016
across-version,0,0.4021163550538247,2.146635790150691
across-version,0,0.6575011828642133,0.7848564236761438
across-version,0,2.9928451379425085,0.33093685399243383
across-version,0,1.6039524552349445,0.15922555414821865
across-version,0,0.23259591584722655,0.3365502343868219
across-version,0,0.36499631223416196,1.315107036563587
across-version,0,1.8765862701140679,0.5011612796288292
across-version,0,2.1791149732414876,1.239491677289985
across-version,0,0.5206795446751988,1.59657902138366
across-version,0,0.24000795379279716,3.4947423924162764
across-version,0,0.4744165245498006,0.6822575244475768
across-version,0,0.5825584425709184,1.4546172279650467
across-version,0,0.23387280500609167,1.5594587341154336
across-version,0,0.5958668715087592,0.3536954165918731
across-version,0,1.1758664224045179,0.24397001455468126
across-version,0,1.4807051041332695,0.4148176052244625
across-version,0,0.1804693863998102,1.8686836455977056
across-version,0,0.10994847168919808,0.4185673499342055
across-version,0,0.27415294204688967,0.5015201285499613
across-version,0,2.2160966642124955,1.6898038968813414
across-version,0,0.4671204004166056,2.9793046642300087
across-version,0,0.39836488943180476,1.0012062192988092
across-version,0,0.14754649918488064,0.30457378527713735
across-version,0,3.2714268653019527,2.2983849259609186
across-version,0,0.2320023289601589,0.3466508092221012
across-version,0,0.1313245997759739,1.3279550171521501
across-version,0,1.1296785921051937,0.4684226369388411
across-version,0,3.112314889343272,2.1064259530092744
across-version,0,0.24423291919429477,1.3986335896630224
across-version,0,0.7386746615368791,0.3565071560319587
across-version,0,0.4535285328838986,1.3784333185765432
across-version,0,0.4202216225037797,0.18092969183155316
across-version,0,0.21548563963725414,0.3300837449286189
across-version,0,0.251065118776631,0.37757587496003675
across-version,0,0.24786499247311689,0.4143812686828718
across-version,0,1.339279347539997,1.654046500695923
across-version,0,0.31308213167218807,1.0240363096405969
across-version,0,0.2951095787545117,0.20329755747018174
across-version,0,0.18872250558944542,0.1274103176132211
across-version,0,3.1778725415226714,2.385316924488416
across-version,0,1.1036104445425385,0.8295418824510999
across-version,0,0.6531990127405035,0.9322063580461926
across-version,0,0.6403921058620743,0.372849919974507
across-version,0,1.1703220323890149,1.4545419815543361
across-version,0,1.6263587565506716,0.9379667833159422
across-version,0,0.9758642166733861,0.7648759627645051
across-version,0,1.7061044065766244,0.39730694862892735
across-version,0,1.116505917896143,1.342817385109737
across-version,0,0.27061790760110593,0.8076822676505194
across-version,0,0.12367711502275107,1.1573793174450042
across-version,0,1.4614452047387056,0.5733000439099567
across-version,0,2.8488089587440735,0.4159039191826829
across-version,0,0.36948433371648626,1.2037730780418503
across-version,0,0.3937870805485325,0.7390521930764692
across-version,0,0.3251604078431227,0.49506187613650393
across-version,0,1.8235030890591186,0.3475993711300264
across-version,0,0.14760475598381403,0.5992306431946666
across-version,0,0.28361143486976104,0.22762144781785715
across-version,0,2.229791012557873,1.737367789105411
across-version,0,2.086947045138723,2.260719484815098
across-version,0,0.16714109249983625,0.4550858686397122
across-version,0,0.5005855874096397,1.7520434449302837
across-version,0,1.2896683749046984,0.28641963154757266
across-version,0,1.5707982389842896,1.239660724094721
across-version,0,0.11558982373788972,1.2316061123530548
across-version,0,1.6811470353492295,0.18359612931177383
across-version,0,1.6300548191135484,0.8773753005143555
across-version,0,2.5495365800355168,2.754572956592284
across-version,0,1.3625622096940555,1.1565463990243259
across-version,0,0.8288264201521647,0.6579175329507108
across-version,0,0.871120741889966,1.0662578806154324
across-version,0,0.4694366130510203,0.22878466719186777
across-version,0,0.3189934722514445,0.5621384496865272
across-version,0,0.43510435155112326,0.2499670088611468
across-version,0,2.8778770615758003,0.46184173609124507
across-version,0,2.265120310320714,2.8402377084030097
across-version,0,0.24712784067479554,3.746607512611145
across-version,0,1.523780337760264,1.2625678788113899
across-version,0,2.2833864828128387,1.3719980534860339
across-version,0,1.1963019135049193,2.0036911283585517
across-version,0,1.0807055397689374,0.3507210789121218
across-version,0,0.18759993863486313,0.7713823581977882
across-version,0,2.1973770593297823,0.4356083827240019
across-version,0,1.9270349738988009,1.0338667577288205
across-version,0,0.5211738774611167,1.399412714024865
across-version,0,1.1270941986359464,1.1487162321840356
across-version,0,0.4448960135964619,0.47334453075127536
across-version,0,2.7448259781620457,3.557517138058409
across-version,0,0.4292447422533435,2.2948516790982714
across-version,0,0.5760540987656457,1.9944634685305205
across-version,0,1.6391342237133437,0.8097934767711745
across-version,1,3.559089791098075,3.0342659899035604
across-version,1,0.5224720619913544,1.2590086014556312
across-version,1,2.346059810357476,1.166296366721837
across-version,1,1.6419451938359173,1.8714548126846329
across-version,1,1.4568904098096527,0.7631310376344898
across-version,1,0.8511786527661912,1.5721602744491814
across-version,1,0.9923111939750872,0.3608137942349299
across-version,1,0.6970458707788659,1.6566876329744002
across-version,1,3.894461259655495,4.57912031603574
across-version,1,2.017960098455732,0.9334446602777874
across-version,1,2.714154724098797,0.7590759854071333
across-version,1,0.9060699188517103,0.18034723488039003
across-version,1,3.2474551111730987,3.4623991494882516
across-version,1,0.0818330740730939,1.631631280687346
across-version,1,0.7416208079660264,0.1082188671008481
across-version,1,1.940352354794677,1.3614750806916984
across-version,1,1.85460137659025,0.12813566756050723
across-version,1,0.35662944601412105,0.6069062613740971
across-version,1,3.371579840473915,1.8978774164304737
across-version,1,0.8005114756498503,0.16480376705907596
across-version,1,2.7379792517583126,4.910737963372534
across-version,1,2.0447921344042115,2.039789114943365
across-version,1,0.15419323192578324,0.6355323525848771
across-version,1,1.3764634713094008,1.4991301021606602
across-version,1,3.01632871151017,2.142506337898274
across-version,1,0.07645711302250463,0.6617574781528043
across-version,1,0.2994425317057496,0.2214852542342975
across-version,1,0.6683803138652612,1.8701465196603195
across-version,1,2.1479720594362313,2.527903810166063
across-version,1,0.21144334594180836,0.7626830453290996
across-version,1,1.1763555069327347,1.948665844191583
across-version,1,1.96270275059351,0.49441018780279655
across-version,1,3.4601960112975165,0.818693183277318
across-version,1,0.7265687952682411,1.0580049308006652
across-version,1,1.1215687682027855,0.8799300537311928
across-version,1,0.36091646497300145,0.27673110119501027
across-version,1,1.402767074661847,4.5768362270281235
across-version,1,0.42213767849108086,2.946427308526432
across-version,1,0.6040231877981297,1.0180283374159702
across-version,1,1.7771793406880187,1.3982057070524523
across-version,1,2.718295968022207,4.0376197663697555
across-version,1,0.40659299678193006,0.8077635966440705
across-version,1,2.994743812499139,0.4870846597032746
across-version,1,0.8981772695469186,1.4693180216977535
across-version,1,2.9072459481277804,2.817049572845669
across-version,1,0.5617271797407307,3.2833809433443517
across-version,1,0.38097766730902055,1.8414029378169154
across-version,1,1.819878963833197,0.7003315546384421
across-version,1,2.7261951529764734,3.0467818643058022
across-version,1,0.6189895652149779,3.5889773613198095
across-version,1,3.221601953659921,1.9416408616800938
across-version,1,1.6984268235899649,1.9371040873918988
across-version,1,2.2216957815351255,2.425769901194708
across-version,1,0.9851600283882165,0.6133509456529275
across-version,1,1.9488192888615388,1.4149601124251943
across-version,1,1.4970548037691387,1.04968839115685
across-version,1,3.2125707655485356,2.8994470541399138
across-version,1,1.0260854351776674,0.12488784652616815
across-version,1,0.5130055971674178,0.2182617267428353
across-version,1,2.295634368213452,0.16717042544664334
across-version,1,0.6809155501994661,1.6447452280343633
across-version,1,0.11569518214905929,0.4203577725195952
across-version,1,0.09715395975139436,0.9249575634120357
across-version,1,0.04911029310378703,0.579938483186594
across-version,1,3.3152162374272987,4.128701934696575
across-version,1,0.30805071332115563,2.492302621008856
across-version,1,0.4025839026728402,0.6303338053811072
across-version,1,0.36424801459856815,3.410292093612879
across-version,1,4.426467525477163,3.75786082943463
across-version,1,1.2251289023697285,2.338609629867027
across-version,1,3.782873951437133,0.35747360180730303
across-version,1,1.6529064481201963,0.929107540407158
across-version,1,1.6920791871522247,2.953927440528229
across-version,1,0.9271820875115427,0.49791442197978625
across-version,1,1.397060593443642,0.09229783020923106
across-version,1,0.507712994163907,0.6904252317319681
across-version,1,2.657042800461711,1.6729130798314584
across-version,1,0.4325632010234573,0.4206358186362321
across-version,1,0.9987587221966184,1.3987107313111857
across-version,1,1.2671968025315468,0.3435684621640305
across-version,1,1.7127082477973075,0.5696086855345878
across-version,1,0.16120172024095503,0.4875647137239415
across-version,1,1.3695689911374773,0.28728534869577727
across-version,1,0.9329143033926379,0.19113827466403208
across-version,1,1.7440222746538563,1.9967363004488996
across-version,1,0.5344011668818748,1.5076709450823882
across-version,1,1.563110816950307,2.010939812531026
across-version,1,0.8161838086036703,2.6918553873897495
across-version,1,2.14074737705526,2.3456349484762096
across-version,1,0.5893222602486383,1.448187006188381
across-version,1,2.588857139906867,0.11855792528529924
across-version,1,0.2304622033254057,1.810783769825585
across-version,1,3.052789508756184,1.5863923518275127
across-version,1,0.31503139865273505,2.6010682293780296
across-version,1,1.273097423800558,1.4457759594617652
across-version,1,1.9791885113357097,2.0106343003042535
across-version,1,2.996916025296581,4.767486703552819
across-version,1,0.6595607645887456,0.5682274966872524
across-version,1,1.3692745521098446,0.5529700013854397
across-version,1,1.7993053310253782,0.6665755551127778
across-version,1,3.509173312650443,0.7384473528164013
across-version,1,0.2085663847114213,0.09021439271883835
across-version,1,2.5736930119861725,0.934774751640182
across-version,1,0.24374801618420272,0.7244981925083951
across-version,1,3.4931824543136716,4.806508446770653
across-version,1,1.3207382425771195,2.7151116962362627
across-version,1,2.2696606546286784,0.6556344444934294
across-version,1,4.301263063975078,0.8481242944495384
across-version,1,3.2814865727600964,3.588504365531763
across-version,1,1.395423603253412,2.8002147467413865
across-version,1,0.1376174925267634,0.528005522378754
across-version,1,1.7120129367932837,1.769267575160048
across-version,1,3.9763493366117,1.5383089809939634
across-version,1,0.6524403361428167,0.7550010960622426
across-version,1,0.5463212291939122,1.0392072504142702
across-version,1,0.46805593884821944,1.5022518919816812
across-version,1,3.2529997646038704,4.481605887907042
across-version,1,1.6069912338306358,0.4086292559728723
across-version,1,4.37096470726509,0.3957820583447092
across-version,1,4.489663245793721,0.42290746870003815
